"200 OK","200 OK"
"503 Service Unavailable","503 Service Unavailable"
"Access Restriction","Access Restriction"
"Applicable only if restriction mode is ""Website Closed"". Landing page is rendered as raw HTML.","Applicable only if restriction mode is ""Website Closed"". Landing page is rendered as raw HTML."
"Applicable only in ""Private Sales"" mode.","Applicable only in ""Private Sales"" mode."
"CMS Content Wrapper","CMS Content Wrapper"
"HTTP Response","HTTP Response"
"Landing Page","Landing Page"
"Main Content Area","Main Content Area"
"Private Sales: Login Only","Private Sales: Login Only"
"Private Sales: Login and Register","Private Sales: Login and Register"
"Restriction Mode","Restriction Mode"
"Startup Page","Startup Page"
"To landing page (302 Found)","To landing page (302 Found)"
"To login form (302 Found)","To login form (302 Found)"
"Website Closed","Website Closed"
"Website Closed Private Sales Landing Page","Website Closed Private Sales Landing Page"
"Website Closed Stub Page","Website Closed Stub Page"
